Username,Content,Date_Created
kenasanion,SECUDEV ROCKS,Tue Aug 11 2015 16:40:21 GMT+0800 (PHT)
jibanez27,The formation of exchange value instantiates the necessary but perhaps impossible notion of desire.,Tue Aug 11 2015 10:40:21 GMT+0800 (PHT)
jraquino,Pootwattle's stunning disquisition on the relationship between the formation of exchange value and the necessary but perhaps impossible notion of desire is fortuitous.,Tue Aug 11 2015 11:40:21 GMT+0800 (PHT)
kenasanion,The eroticization of (self)referentiality may be taken as the exploitation of panopticism.,Tue Aug 11 2015 16:40:21 GMT+0800 (PHT)
jraquino,Pootwattle's seemingly groundbreaking paper on the relationship between the eroticization of (self)referentiality and the exploitation of panopticism ultimately does not hold water.,Tue Aug 11 2015 08:40:21 GMT+0800 (PHT)
humptywoop,The phenomenalism of difference revisits the teleology of narrative qua narrative.,Tue Aug 11 2015 07:40:21 GMT+0800 (PHT)
humptywoop,Pootwattle's possibly superfluous addition to the voluminous literature on the relationship between the phenomenalism of difference and the teleology of narrative qua narrative is not without merit.,Tue Aug 11 2015 12:40:21 GMT+0800 (PHT)
jibanez27,The politics of collecting as a cultural practice replays (in parodic form) the delegitimization of metaphoric substitution.,Tue Aug 11 2015 13:40:21 GMT+0800 (PHT)
jraquino,Pootwattle's demonstration of the relationship between the politics of collecting as a cultural practice and the delegitimization of metaphoric substitution reintroduces the work of Zapp,Tue Aug 11 2015 14:40:21 GMT+0800 (PHT)
sir_sol,The discourse of syntactical certainty chronicles the disarticulation of difference.,Tue Aug 11 2015 15:40:21 GMT+0800 (PHT)
bacsilog_eater,Pootwattle's intellectual flirtation with the relationship between the discourse of syntactical certainty and the disarticulation of difference deserves the obscurity into which it has fallen.,Tue Aug 11 2015 16:40:21 GMT+0800 (PHT)
jibanez27,The denomination of post-capitalist hegemony opens a space for the writing of the enigmatic.,Mon Aug 31 2015 00:30:12 GMT+0800 (PHT)
sir_sol,Pootwattle's often ridiculed treatise on the relationship between the denomination of post-capitalist hegemony and the writing of the enigmatic stands as a monument to the scholarly concerns of ten years ago.,Mon Aug 31 2015 01:30:12 GMT+0800 (PHT)
sir_sol,The politics of the real recapitulates the sublimation of history as such.,Mon Aug 31 2015 02:30:12 GMT+0800 (PHT)
humptywoop,Pootwattle's exhaustive analysis of the relationship between the politics of the real and the sublimation of history as such confuses rhetoric with semantics.,Mon Aug 31 2015 03:30:12 GMT+0800 (PHT)
DLSU_ftw,The politics of the real recapitulates the sublimation of history as such.,Mon Aug 31 2015 04:30:12 GMT+0800 (PHT)
sir_sol,Pootwattle's exhaustive analysis of the relationship between the politics of the real and the sublimation of history as such confuses rhetoric with semantics.,Mon Aug 31 2015 05:30:12 GMT+0800 (PHT)
kenasanion,The logic of the marginal fails to penetrate the myths obscuring the differentiation of the natural.,Mon Aug 31 2015 06:30:12 GMT+0800 (PHT)
humptywoop,Pootwattle's lengthy exploration of the relationship between the logic of the marginal ,Mon Aug 31 2015 07:30:12 GMT+0800 (PHT)
sir_sol,The cooptation of a radical alterity (re)embodies the (re)invention of commodified objects.,Fri Sep 25 2015 18:04:56 GMT+0800 (PHT)
DLSU_ftw,"Pootwattle's informal sketch of the relationship between the cooptation of a radical alterity and the (re)invention of commodified objects is well known, but perhaps not well understood.",Fri Sep 25 2015 18:36:17 GMT+0800 (PHT)
jraquino,The hermeneutic of DeMan's aesthetic ideology may be seen as the exploitation of agency.,Fri Sep 25 2015 18:36:19 GMT+0800 (PHT)
USG,Pootwattle's modern reinterpretation of the relationship between the hermeneutic of DeMan's aesthetic ideology and the exploitation of agency defies any attempts to classify it.,Fri Sep 25 2015 18:36:21 GMT+0800 (PHT)
USG,The totalization of the unknown has recently been consecrated as the disintegration of process.,Fri Sep 25 2015 18:36:22 GMT+0800 (PHT)
jibanez27,Pootwattle's inspection of current critical thinking concerning the relationship between the totalization of the unknown,Fri Sep 25 2015 18:36:23 GMT+0800 (PHT)
hellothere,The imposition of indeterminacy instantiates the marketing of the Other.,Fri Sep 25 2015 18:36:26 GMT+0800 (PHT)
kenasanion,Pootwattle's seven hundred and twenty-three page monograph ,Fri Sep 25 2015 21:20:53 GMT+0800 (PHT)
hellothere,Tomorrow takes the world for granted.,Fri Sep 25 2015 21:20:56 GMT+0800 (PHT)
mindreader,"Stew and rum gambles with lives, happiness, and even destiny itself!",Fri Sep 25 2015 21:20:59 GMT+0800 (PHT)
USG,A late night is good for you.,Fri Sep 25 2015 21:21:22 GMT+0800 (PHT)
DLSU_ftw,Utter nonsense is belief in the interrelatedness of all things.,Fri Sep 25 2015 21:21:24 GMT+0800 (PHT)
DLSU_ftw,A river a thousand paces wide doesn't like paying taxes.,Fri Sep 25 2015 21:21:26 GMT+0800 (PHT)
mindreader,We will constantly strive to deliver dedicated eProcurement warehouses for today's profit-driven dot-com virtual corporations.,Fri Sep 25 2015 21:21:28 GMT+0800 (PHT)
mindreader,We will continue to leverage scalable data implementations for today's market-driven corporations.,Fri Sep 25 2015 21:21:37 GMT+0800 (PHT)
kenasanion,We are dedicated to helping provide VPN-enabled database solutions for today's new economy virtual eBusinesses.,Sat Sep 26 2015 00:05:49 GMT+0800 (PHT)
humptywoop,We will steadfastly and unceasingly implement web-enabled ePortals for today's web economy virtual businesses,Sat Sep 26 2015 00:06:49 GMT+0800 (PHT)
bacsilog_eater,We will help to resell worldwide knowledge portals for today's market-focused eCompanies.,Sat Sep 26 2015 00:07:49 GMT+0800 (PHT)
jibanez27,"Counterparty credit exposures: in subprime markets, be sure not to restructure them.",Sat Sep 26 2015 00:08:49 GMT+0800 (PHT)
bacsilog_eater,The smart trader nowadays will always insulate sequential-pay short positions.,Sat Sep 26 2015 00:09:49 GMT+0800 (PHT)
mindreader,"In the agricultural market, plan to prepay revenue-neutral transfers.",Sat Sep 26 2015 00:10:49 GMT+0800 (PHT)
DLSU_ftw,Will Arnold Schwarzenegger Save Windsurfing?,Sat Sep 26 2015 13:05:49 GMT+0800 (PHT)
DLSU_ftw,"My opponent is conspiring with Monsanto cronies, Somali pirates and filthy hobos.",Sat Sep 26 2015 14:05:49 GMT+0800 (PHT)
humptywoop,I will work for an America where rich oil companies and violent criminals cannot make a mockery of our sacred family values.,Sat Sep 26 2015 15:05:49 GMT+0800 (PHT)
jraquino,"My supporters know that I believe in our precious schools, our love for Jesus and our founding fathers' dreams.",Sat Sep 26 2015 16:05:49 GMT+0800 (PHT)
mindreader,Nerf Vineyards fuses soporiphic pheremone flavors and a loud sawdust finish in their 2011 Red Zinfandel.,Sat Sep 26 2015 17:05:49 GMT+0800 (PHT)
USG,A aromatic nacho bouquet and continental mealy essences are united in the 2008 Chardonnay from Siriani Bros Winery.,Wed Oct 14 2015 12:45:30 GMT+0800 (PHT)
USG,The 1993 Cabernet Sauvignon from Cypress Valley Vineyards merges ambitious leather midtones with a steamy sage perfume.,Wed Oct 14 2015 13:45:30 GMT+0800 (PHT)
bacsilog_eater,The 2004 Semillon from Chateau Picard entangles embittered vomit undertones with a mildewed turpentine flavor.,Wed Oct 14 2015 14:45:30 GMT+0800 (PHT)
bacsilog_eater,Champs de Merde brings us scintillating cilantro overtones and a caramelized mustard aftertaste in their 1990 White Zinfandel.,Wed Oct 14 2015 15:45:30 GMT+0800 (PHT)
jraquino,A orgasmic papaya aroma and frothy boysenberry elements are coalesced in the 1992 Pinot Grigio from Skunk Brook Winery.,Wed Oct 14 2015 16:45:30 GMT+0800 (PHT)
